experiment_id,device_id,session_uid,recording_run_id,device_session_id,record_id,window_idx,window_start_ms,window_end_ms,sample_count,sample_rate_hz,movement_type,movement_label,subject_id,acc_norm_mean,acc_norm_std,acc_norm_max,acc_norm_min,acc_norm_range,acc_zcr,ax_std,ax_mean,ay_std,ay_mean,az_std,az_mean,gyro_norm_mean,gyro_norm_std,gyro_norm_max,gx_std,gy_std,gz_std
EXP15,m5-01,EXP15_m5-01_A_A001,A,A001,1,0,68414,70414,200,100.0,various_movements,последовательность разных движений,child_01,0.9822,0.424,2.7056,0.0911,2.6145,4.0,0.2071,-0.3149,0.4631,0.8765,0.0954,0.1034,54.47,52.94,313.07,22.3916,60.4663,37.229
EXP15,m5-01,EXP15_m5-01_A_A001,A,A001,1,1,68914,70914,200,100.0,various_movements,последовательность разных движений,child_01,1.0527,0.8235,5.2623,0.0911,5.1712,5.0,0.5074,-0.4278,0.829,0.7957,0.1511,0.0513,82.17,60.33,313.07,46.1186,72.118,54.1522
EXP15,m5-01,EXP15_m5-01_A_A001,A,A001,1,2,69414,71414,200,100.0,various_movements,последовательность разных движений,child_01,1.167,1.1107,5.9181,0.0911,5.827,6.0,0.6553,-0.5166,1.1092,0.7944,0.1922,0.0293,117.38,61.05,400.97,65.2302,94.7541,63.2094
EXP15,m5-01,EXP15_m5-01_A_A001,A,A001,1,3,69914,71914,200,100.0,various_movements,последовательность разных движений,child_01,1.2067,1.2184,5.9181,0.0911,5.827,5.5,0.8352,-0.6104,1.1716,0.6731,0.2098,0.0282,123.22,60.21,400.97,69.7238,92.2151,72.6601
EXP15,m5-01,EXP15_m5-01_A_A001,A,A001,1,4,70414,72414,200,100.0,various_movements,последовательность разных движений,child_01,1.4067,1.6731,9.25,0.0745,9.1755,5.5,1.1874,-0.7404,1.4673,0.7239,0.3768,0.0226,135.04,90.28,628.95,91.6903,111.8314,73.4321
EXP15,m5-01,EXP15_m5-01_A_A001,A,A001,1,5,70914,72914,200,100.0,various_movements,последовательность разных движений,child_01,1.4664,1.6684,9.25,0.0745,9.1755,7.5,1.2737,-0.7683,1.4107,0.7362,0.4274,0.0816,145.43,97.14,628.95,89.8235,123.4018,82.7395
EXP15,m5-01,EXP15_m5-01_A_A001,A,A001,1,6,71414,73414,200,100.0,various_movements,последовательность разных движений,child_01,1.4676,1.6403,9.25,0.0745,9.1755,8.0,1.3197,-0.8838,1.3055,0.6294,0.4565,0.1141,146.04,94.92,628.95,84.2254,120.6899,92.7142
EXP15,m5-01,EXP15_m5-01_A_A001,A,A001,1,7,71914,73914,200,100.0,various_movements,последовательность разных движений,child_01,1.5379,1.6606,9.25,0.0629,9.1871,9.0,1.3299,-0.9627,1.3138,0.655,0.5143,0.0857,167.66,96.14,628.95,95.614,132.502,101.5552
EXP15,m5-01,EXP15_m5-01_A_A001,A,A001,1,8,72414,74414,200,100.0,various_movements,последовательность разных движений,child_01,1.4297,1.3624,6.9471,0.0629,6.8842,10.5,1.2976,-0.9477,0.9425,0.4761,0.45,0.0287,159.06,75.54,424.01,88.7672,114.864,98.0951
EXP15,m5-01,EXP15_m5-01_A_A001,A,A001,1,9,72914,74914,200,100.0,various_movements,последовательность разных движений,child_01,1.3628,1.2646,4.6179,0.0629,4.555,9.5,1.2404,-0.9793,0.8209,0.3366,0.4142,0.01,144.59,71.71,327.33,85.0483,106.586,85.9865
EXP15,m5-01,EXP15_m5-01_A_A001,A,A001,1,10,73414,75414,200,100.0,various_movements,последовательность разных движений,child_01,1.2856,1.2852,4.9259,0.0629,4.863,7.0,1.2574,-0.9165,0.7931,0.3452,0.3665,-0.0305,138.53,72.44,327.33,88.4328,100.3825,80.3849
EXP15,m5-01,EXP15_m5-01_A_A001,A,A001,1,11,73914,75914,200,100.0,various_movements,последовательность разных движений,child_01,1.2232,1.2834,4.9259,0.0631,4.8628,6.5,1.2292,-0.8648,0.7843,0.2693,0.4199,-0.1434,132.2,60.99,315.16,79.8987,96.9159,71.3589
EXP15,m5-01,EXP15_m5-01_A_A001,A,A001,1,12,74414,76414,200,100.0,various_movements,последовательность разных движений,child_01,1.136,1.1862,4.9259,0.099,4.8269,4.5,1.0786,-0.8329,0.7523,0.2783,0.4205,-0.142,132.12,59.41,315.16,70.6895,102.9383,72.5427
EXP15,m5-01,EXP15_m5-01_A_A001,A,A001,1,13,74914,76914,200,100.0,various_movements,последовательность разных движений,child_01,1.0743,1.2086,4.9259,0.0231,4.9028,4.0,1.0751,-0.7992,0.7398,0.3142,0.3853,-0.1605,133.69,60.54,315.16,67.0244,105.9549,73.0524
EXP15,m5-01,EXP15_m5-01_A_A001,A,A001,1,14,75414,77414,200,100.0,various_movements,последовательность разных движений,child_01,1.1239,1.1752,4.5468,0.0231,4.5237,4.5,1.0935,-0.8139,0.7288,0.2838,0.3847,-0.1622,128.26,59.45,284.08,66.4374,105.3864,64.961
EXP15,m5-01,EXP15_m5-01_A_A001,A,A001,1,15,75914,77914,200,100.0,various_movements,последовательность разных движений,child_01,1.274,1.2721,5.6228,0.0231,5.5997,4.5,1.1466,-0.8939,0.9179,0.4461,0.284,-0.0741,120.86,59.12,284.08,61.5771,104.1811,55.5534
EXP15,m5-01,EXP15_m5-01_A_A001,A,A001,1,16,76414,78414,200,100.0,various_movements,последовательность разных движений,child_01,1.3375,1.3669,6.9803,0.0231,6.9572,4.5,1.0675,-0.8872,1.1279,0.5778,0.3484,-0.0566,133.69,69.75,345.73,80.0665,113.4059,54.2343
EXP15,m5-01,EXP15_m5-01_A_A001,A,A001,1,17,76914,78914,200,100.0,various_movements,последовательность разных движений,child_01,1.4682,1.4306,6.9803,0.1005,6.8798,6.0,1.0185,-0.8413,1.3501,0.6805,0.4079,-0.0695,150.1,78.84,347.29,93.8641,130.041,52.908
EXP15,m5-01,EXP15_m5-01_A_A001,A,A001,1,18,77414,79414,200,100.0,various_movements,последовательность разных движений,child_01,1.5292,1.4,6.9803,0.1005,6.8798,6.5,0.9901,-0.8067,1.3984,0.7058,0.4504,-0.1045,168.95,82.36,446.82,101.1323,146.0114,60.0101
EXP15,m5-01,EXP15_m5-01_A_A001,A,A001,1,19,77914,79914,200,100.0,various_movements,последовательность разных движений,child_01,1.483,1.4339,6.9803,0.0286,6.9517,7.5,0.9951,-0.6801,1.4018,0.6843,0.5767,-0.1923,176.82,91.66,563.14,103.778,155.9478,66.853
EXP15,m5-01,EXP15_m5-01_A_A001,A,A001,1,20,78414,80414,200,100.0,various_movements,последовательность разных движений,child_01,1.4792,1.4903,7.2691,0.0286,7.2405,7.0,1.0787,-0.6321,1.4316,0.6686,0.576,-0.1327,178.98,96.5,563.14,98.6555,163.5418,68.737
EXP15,m5-01,EXP15_m5-01_A_A001,A,A001,1,21,78914,80914,200,100.0,various_movements,последовательность разных движений,child_01,1.419,1.5925,7.2691,0.0286,7.2405,6.0,1.1883,-0.6473,1.3729,0.6534,0.636,-0.0499,162.54,97.6,563.14,94.8904,148.7877,68.9204
EXP15,m5-01,EXP15_m5-01_A_A001,A,A001,1,22,79414,81414,200,100.0,various_movements,последовательность разных движений,child_01,1.3103,1.5937,7.2691,0.0286,7.2405,5.0,1.2015,-0.7013,1.2775,0.5646,0.6089,0.0122,147.65,90.74,563.14,81.1623,134.5759,72.5565
EXP15,m5-01,EXP15_m5-01_A_A001,A,A001,1,23,79914,81914,200,100.0,various_movements,последовательность разных движений,child_01,1.2604,1.5288,7.2691,0.0304,7.2387,4.0,1.2588,-0.7783,1.1546,0.4504,0.4282,0.1273,144.5,79.89,379.75,82.0101,127.1631,64.7041
EXP15,m5-01,EXP15_m5-01_A_A001,A,A001,1,24,80414,82414,200,100.0,various_movements,последовательность разных движений,child_01,1.2802,1.5222,6.8897,0.0304,6.8593,6.0,1.465,-0.8667,0.8764,0.2991,0.4347,0.1105,138.04,74.03,514.17,68.7694,124.2484,63.8689
EXP15,m5-01,EXP15_m5-01_A_A001,A,A001,1,25,80914,82914,200,100.0,various_movements,последовательность разных движений,child_01,1.2801,1.409,6.8897,0.0304,6.8593,6.0,1.5228,-0.9329,0.5403,0.1749,0.3334,0.0317,150.14,70.24,514.17,86.1317,125.6079,64.5338
EXP15,m5-01,EXP15_m5-01_A_A001,A,A001,1,26,81414,83414,200,100.0,various_movements,последовательность разных движений,child_01,1.3079,1.4419,6.8897,0.0304,6.8593,6.0,1.5209,-0.9148,0.685,0.1956,0.3635,-0.0075,165.95,80.35,514.17,99.2997,143.9995,57.4648
EXP15,m5-01,EXP15_m5-01_A_A001,A,A001,1,27,81914,83914,200,100.0,various_movements,последовательность разных движений,child_01,1.3189,1.4132,6.8897,0.0795,6.8102,6.5,1.4464,-0.8998,0.7987,0.252,0.3653,-0.0095,177.88,81.76,514.17,98.265,157.8978,59.2009
EXP15,m5-01,EXP15_m5-01_A_A001,A,A001,1,28,82414,84414,200,100.0,various_movements,последовательность разных движений,child_01,1.5248,1.4363,6.0828,0.1635,5.9193,6.5,1.238,-0.9759,1.1993,0.4662,0.4862,-0.1052,184.1,75.33,402.07,119.1052,144.9054,64.5586
EXP15,m5-01,EXP15_m5-01_A_A001,A,A001,1,29,82914,84914,200,100.0,various_movements,последовательность разных движений,child_01,1.5386,1.4131,6.0828,0.075,6.0078,7.0,1.1736,-0.9967,1.215,0.5031,0.5052,-0.0934,171.06,81.02,402.07,103.5015,146.2276,60.2345
EXP15,m5-01,EXP15_m5-01_A_A001,A,A001,1,30,83414,85414,200,100.0,various_movements,последовательность разных движений,child_01,1.5112,1.3597,6.0828,0.075,6.0078,6.5,1.1653,-0.9487,1.1626,0.4642,0.5545,-0.0069,148.1,75.84,381.15,88.9493,125.5058,61.5668
EXP15,m5-01,EXP15_m5-01_A_A001,A,A001,1,31,83914,85914,200,100.0,various_movements,последовательность разных движений,child_01,1.4672,1.3631,6.0828,0.075,6.0078,6.5,1.1243,-0.9248,1.1872,0.4287,0.5453,0.0331,134.18,64.45,381.15,86.7482,104.2856,59.7579
EXP15,m5-01,EXP15_m5-01_A_A001,A,A001,1,32,84414,86414,200,100.0,various_movements,последовательность разных движений,child_01,1.3269,1.1418,4.7429,0.075,4.6679,7.0,1.0768,-0.6797,1.0019,0.4914,0.4413,0.056,149.89,118.86,739.97,80.321,148.405,76.588
EXP15,m5-01,EXP15_m5-01_A_A001,A,A001,1,33,84914,86914,200,100.0,various_movements,последовательность разных движений,child_01,1.3036,0.9525,4.7429,0.1221,4.6208,6.5,0.852,-0.4756,0.9758,0.7234,0.4233,-0.0055,164.13,116.54,739.97,77.0412,147.9199,110.1916
EXP15,m5-01,EXP15_m5-01_A_A001,A,A001,1,34,85414,87414,200,100.0,various_movements,последовательность разных движений,child_01,1.3014,0.8324,4.7429,0.343,4.3999,7.0,0.6703,-0.3795,0.8735,0.961,0.3162,-0.0821,195.42,119.57,739.97,81.0423,160.594,135.2591
EXP15,m5-01,EXP15_m5-01_A_A001,A,A001,1,35,85914,87914,200,100.0,various_movements,последовательность разных движений,child_01,1.2978,0.5878,4.4792,0.5952,3.884,7.5,0.4493,-0.2746,0.5823,1.1466,0.2847,-0.1326,206.29,117.19,739.97,76.4399,165.2636,151.5375
EXP15,m5-01,EXP15_m5-01_A_A001,A,A001,1,36,86414,88414,200,100.0,various_movements,последовательность разных движений,child_01,1.1626,0.265,2.114,0.716,1.398,6.0,0.2141,-0.2751,0.2581,1.0946,0.1782,-0.0613,187.48,75.14,399.5,37.5695,121.4811,156.1517
EXP15,m5-01,EXP15_m5-01_A_A001,A,A001,1,37,86914,88914,200,100.0,various_movements,последовательность разных движений,child_01,1.1339,0.298,2.114,0.6799,1.4341,6.5,0.2022,-0.3025,0.2945,1.0648,0.1472,0.0004,163.89,91.29,399.5,37.0674,113.4999,143.2918
EXP15,m5-01,EXP15_m5-01_A_A001,A,A001,1,38,87414,89414,200,100.0,various_movements,последовательность разных движений,child_01,1.113,0.267,1.9161,0.6799,1.2362,8.0,0.149,-0.2621,0.2742,1.06,0.1376,-0.0402,147.34,82.0,396.63,26.2595,101.3289,130.3153
EXP15,m5-01,EXP15_m5-01_A_A001,A,A001,1,39,87914,89914,200,100.0,various_movements,последовательность разных движений,child_01,1.0786,0.2868,2.1174,0.6799,1.4375,9.5,0.1574,-0.2889,0.2792,1.0134,0.1592,-0.0851,139.06,89.42,400.11,54.8525,93.0327,122.6543
EXP15,m5-01,EXP15_m5-01_A_A001,A,A001,1,40,88414,90414,200,100.0,various_movements,последовательность разных движений,child_01,1.1027,0.2942,2.1174,0.6799,1.4375,8.0,0.166,-0.2898,0.2887,1.0369,0.1341,-0.12,131.46,81.1,400.11,54.4207,96.5569,104.2013
EXP15,m5-01,EXP15_m5-01_A_A001,A,A001,1,41,88914,90914,200,100.0,various_movements,последовательность разных движений,child_01,1.1108,0.3146,2.2134,0.6831,1.5303,7.5,0.1996,-0.2893,0.2977,1.0401,0.1175,-0.158,156.15,95.84,400.11,70.8712,110.3992,124.9001
EXP15,m5-01,EXP15_m5-01_A_A001,A,A001,1,42,89414,91414,200,100.0,various_movements,последовательность разных движений,child_01,1.1279,0.3305,2.2134,0.6831,1.5303,5.0,0.1829,-0.3295,0.3233,1.0491,0.125,-0.1365,145.04,93.4,400.11,74.9656,101.8364,116.2561
EXP15,m5-01,EXP15_m5-01_A_A001,A,A001,1,43,89914,91914,200,100.0,various_movements,последовательность разных движений,child_01,1.1396,0.2914,2.2134,0.6843,1.5291,3.0,0.1677,-0.2839,0.2849,1.082,0.1055,-0.1095,149.25,92.0,398.36,60.3114,85.7513,138.6202
EXP15,m5-01,EXP15_m5-01_A_A001,A,A001,1,44,90414,92414,200,100.0,various_movements,последовательность разных движений,child_01,1.1288,0.2933,2.2134,0.6843,1.5291,4.5,0.1502,-0.3016,0.2909,1.0679,0.1231,-0.0802,133.84,99.13,398.36,59.025,74.9291,134.9154
EXP15,m5-01,EXP15_m5-01_A_A001,A,A001,1,45,90914,92914,200,100.0,various_movements,последовательность разных движений,child_01,1.1009,0.2305,1.7753,0.6843,1.091,4.5,0.1164,-0.2682,0.2359,1.0494,0.1236,-0.0864,124.65,76.33,306.64,25.8433,47.1488,132.9537
EXP15,m5-01,EXP15_m5-01_A_A001,A,A001,1,46,91414,93414,200,100.0,various_movements,последовательность разных движений,child_01,1.1068,0.1979,1.603,0.8049,0.7981,5.0,0.1215,-0.2753,0.2017,1.0544,0.1344,-0.0569,127.68,75.59,306.64,18.4562,44.3916,138.3382
EXP15,m5-01,EXP15_m5-01_A_A001,A,A001,1,47,91914,93914,200,100.0,various_movements,последовательность разных движений,child_01,1.1122,0.1804,1.603,0.8154,0.7876,6.0,0.1243,-0.2682,0.1886,1.0555,0.1553,-0.091,129.3,68.88,289.86,24.5742,78.8782,114.9187
EXP15,m5-01,EXP15_m5-01_A_A001,A,A001,1,48,92414,94414,200,100.0,various_movements,последовательность разных движений,child_01,1.0768,0.1432,1.5431,0.8154,0.7277,8.0,0.1416,-0.2824,0.1599,1.0082,0.1882,-0.0539,134.25,61.1,289.86,36.5558,79.3181,108.8898
EXP15,m5-01,EXP15_m5-01_A_A001,A,A001,1,49,92914,94914,200,100.0,various_movements,последовательность разных движений,child_01,1.0688,0.1663,1.5431,0.7872,0.7559,9.5,0.1325,-0.3071,0.1815,0.9967,0.1779,0.0072,113.85,62.51,289.86,37.5544,81.7193,84.9461
EXP15,m5-01,EXP15_m5-01_A_A001,A,A001,1,50,93414,95414,200,100.0,various_movements,последовательность разных движений,child_01,1.0344,0.1748,1.6762,0.7635,0.9127,9.5,0.1244,-0.2848,0.1855,0.9676,0.1809,0.0237,107.39,55.87,289.86,39.3021,90.9775,67.1494
EXP15,m5-01,EXP15_m5-01_A_A001,A,A001,1,51,93914,95914,200,100.0,various_movements,последовательность разных движений,child_01,1.0122,0.1893,1.6762,0.7635,0.9127,8.5,0.0985,-0.3262,0.2054,0.9378,0.0921,0.1192,79.75,35.37,156.78,32.7124,61.1153,49.6782
EXP15,m5-01,EXP15_m5-01_A_A001,A,A001,1,52,94414,96414,200,100.0,various_movements,последовательность разных движений,child_01,1.0148,0.2058,1.6762,0.7225,0.9537,6.5,0.0773,-0.2938,0.2175,0.9581,0.0753,0.0944,63.7,33.37,156.78,17.7542,42.9164,46.6666
EXP15,m5-01,EXP15_m5-01_A_A001,A,A001,1,53,94914,96914,200,100.0,various_movements,последовательность разных движений,child_01,1.0114,0.2139,1.7894,0.7225,1.0669,6.5,0.1017,-0.3166,0.2254,0.9445,0.0833,0.0911,62.01,35.44,156.78,22.7869,46.8294,42.0953
EXP15,m5-01,EXP15_m5-01_A_A001,A,A001,1,54,95414,97414,200,100.0,various_movements,последовательность разных движений,child_01,1.0123,0.1908,1.7894,0.7225,1.0669,8.0,0.1349,-0.313,0.1999,0.9378,0.1599,0.0098,71.46,45.07,176.34,29.1699,72.1413,21.1566
EXP15,m5-01,EXP15_m5-01_A_A001,A,A001,1,55,95914,97914,200,100.0,various_movements,последовательность разных движений,child_01,1.0024,0.1699,1.7894,0.7225,1.0669,10.0,0.1465,-0.3098,0.1744,0.9296,0.1431,-0.033,87.19,49.92,210.63,29.5135,70.5968,32.6662
EXP15,m5-01,EXP15_m5-01_A_A001,A,A001,1,56,96414,98414,200,100.0,various_movements,последовательность разных движений,child_01,0.9956,0.1722,1.7894,0.6486,1.1408,9.0,0.2552,-0.4416,0.2798,0.7906,0.2348,0.049,101.95,48.52,210.63,36.3415,64.102,43.0155
EXP15,m5-01,EXP15_m5-01_A_A001,A,A001,1,57,96914,98914,200,100.0,various_movements,последовательность разных движений,child_01,1.0063,0.3311,3.3022,0.4231,2.8791,9.5,0.3905,-0.5392,0.3753,0.5999,0.3787,0.187,105.67,47.63,210.63,37.1836,64.1811,51.3055
EXP15,m5-01,EXP15_m5-01_A_A001,A,A001,1,58,97414,99414,200,100.0,various_movements,последовательность разных движений,child_01,1.0015,0.321,3.3022,0.4231,2.8791,11.5,0.3528,-0.6857,0.3297,0.412,0.3067,0.3726,79.66,53.67,210.63,29.7791,65.7742,48.3604
EXP15,m5-01,EXP15_m5-01_A_A001,A,A001,1,59,97914,99914,200,100.0,various_movements,последовательность разных движений,child_01,1.0081,0.3178,3.3022,0.4231,2.8791,14.0,0.2922,-0.8108,0.1789,0.2379,0.1953,0.4978,51.73,52.01,204.24,22.2989,49.7799,45.6675
EXP15,m5-01,EXP15_m5-01_A_A001,A,A001,1,60,98414,100414,200,100.0,various_movements,последовательность разных движений,child_01,1.0117,0.3048,3.3022,0.4231,2.8791,16.5,0.2849,-0.8317,0.0878,0.1837,0.1815,0.5187,32.93,38.71,199.44,16.0106,41.9063,22.6919
EXP15,m5-01,EXP15_m5-01_A_A001,A,A001,1,61,98914,100914,200,100.0,various_movements,последовательность разных движений,child_01,1.0176,0.1217,1.8586,0.766,1.0926,17.5,0.148,-0.8295,0.1879,0.2461,0.1448,0.4726,44.23,57.17,239.7,42.4532,47.916,20.2752
EXP15,m5-01,EXP15_m5-01_A_A001,A,A001,1,62,99414,101414,200,100.0,various_movements,последовательность разных движений,child_01,1.0255,0.1349,1.8586,0.766,1.0926,15.0,0.2654,-0.7153,0.35,0.4296,0.2903,0.3107,63.4,61.27,239.7,49.0214,55.3724,29.8384
EXP15,m5-01,EXP15_m5-01_A_A001,A,A001,1,63,99914,101914,200,100.0,various_movements,последовательность разных движений,child_01,1.0125,0.1657,1.8586,0.7211,1.1375,11.0,0.3093,-0.5664,0.3735,0.6056,0.2921,0.2109,74.42,54.65,239.7,49.7432,60.7361,29.8693
EXP15,m5-01,EXP15_m5-01_A_A001,A,A001,1,64,100414,102414,200,100.0,various_movements,последовательность разных движений,child_01,1.177,0.7305,6.0137,0.7211,5.2926,10.5,0.5106,-0.5345,0.6612,0.899,0.356,0.0217,110.85,91.27,530.59,57.2292,82.4629,100.9904
EXP15,m5-01,EXP15_m5-01_A_A001,A,A001,1,65,100914,102914,200,100.0,various_movements,последовательность разных движений,child_01,1.3946,1.0922,6.4632,0.3325,6.1307,9.0,1.1148,-0.5212,0.8119,0.9149,0.3286,-0.1387,141.44,114.76,530.59,81.0561,110.2462,118.1071
EXP15,m5-01,EXP15_m5-01_A_A001,A,A001,1,66,101414,103414,200,100.0,various_movements,последовательность разных движений,child_01,1.6698,1.4481,7.5727,0.1112,7.4615,12.5,1.4298,-0.5446,1.1864,0.8766,0.5763,-0.1898,182.14,141.51,608.47,89.9687,156.9129,141.1169
EXP15,m5-01,EXP15_m5-01_A_A001,A,A001,1,67,101914,103914,200,100.0,various_movements,последовательность разных движений,child_01,1.7888,1.5399,7.5727,0.1112,7.4615,14.5,1.5284,-0.6419,1.3466,0.7358,0.6489,-0.218,210.7,133.16,608.47,93.6123,175.1497,143.4281
EXP15,m5-01,EXP15_m5-01_A_A001,A,A001,1,68,102414,104414,200,100.0,various_movements,последовательность разных движений,child_01,1.6699,1.5199,7.5727,0.1112,7.4615,13.0,1.5708,-0.6507,1.2436,0.4573,0.6607,-0.1251,192.75,123.68,608.47,92.2937,172.4016,118.0349
EXP15,m5-01,EXP15_m5-01_A_A001,A,A001,1,69,102914,104914,200,100.0,various_movements,последовательность разных движений,child_01,1.5799,1.5297,7.5727,0.1112,7.4615,13.0,1.5487,-0.7173,1.1854,0.325,0.6346,-0.0984,171.05,114.83,608.47,73.7668,156.113,112.1384
EXP15,m5-01,EXP15_m5-01_A_A001,A,A001,1,70,103414,105414,200,100.0,various_movements,последовательность разных движений,child_01,1.4495,1.3703,6.1119,0.1216,5.9903,9.0,1.5216,-0.913,0.791,0.1108,0.4379,-0.0167,136.54,86.22,477.14,68.9851,117.5949,80.2921
EXP15,m5-01,EXP15_m5-01_A_A001,A,A001,1,71,103914,105914,200,100.0,various_movements,последовательность разных движений,child_01,1.385,1.3028,6.1119,0.1216,5.9903,7.0,1.5011,-0.9372,0.5396,-0.0169,0.4358,0.0477,134.33,89.74,552.04,83.0425,112.6788,78.199
EXP15,m5-01,EXP15_m5-01_A_A001,A,A001,1,72,104414,106414,200,100.0,various_movements,последовательность разных движений,child_01,1.4058,1.3649,6.1119,0.1076,6.0043,6.5,1.5906,-0.9624,0.414,-0.1184,0.439,0.0688,149.16,93.27,552.04,88.8437,130.622,75.6393
EXP15,m5-01,EXP15_m5-01_A_A001,A,A001,1,73,104914,106914,200,100.0,various_movements,последовательность разных движений,child_01,1.3198,1.3268,4.6974,0.0442,4.6532,5.5,1.4493,-0.9547,0.4633,-0.1971,0.4748,0.1062,150.39,94.93,552.04,90.7765,138.1281,63.5578
EXP15,m5-01,EXP15_m5-01_A_A001,A,A001,1,74,105414,107414,200,100.0,various_movements,последовательность разных движений,child_01,1.2444,1.2631,4.9834,0.0442,4.9392,5.0,1.3186,-0.9451,0.4727,-0.2297,0.48,0.0737,149.49,89.28,552.04,88.368,132.8537,67.6717
EXP15,m5-01,EXP15_m5-01_A_A001,A,A001,1,75,105914,107914,200,100.0,various_movements,последовательность разных движений,child_01,1.3098,1.309,4.9834,0.0442,4.9392,4.0,1.3404,-1.0654,0.5188,-0.1716,0.4419,0.0599,138.81,77.61,420.51,69.7525,124.3247,70.0474
EXP15,m5-01,EXP15_m5-01_A_A001,A,A001,1,76,106414,108414,200,100.0,various_movements,последовательность разных движений,child_01,1.3072,1.2302,4.9834,0.0442,4.9392,4.0,1.2078,-1.1492,0.5123,-0.1156,0.4065,0.0411,124.71,71.93,420.51,59.4185,105.573,74.6919
EXP15,m5-01,EXP15_m5-01_A_A001,A,A001,1,77,106914,108914,200,100.0,various_movements,последовательность разных движений,child_01,1.3996,1.1731,4.9834,0.1093,4.8741,7.0,1.2862,-1.1515,0.4624,-0.0482,0.3708,0.0361,131.62,78.22,420.51,37.2906,118.5171,89.2973
EXP15,m5-01,EXP15_m5-01_A_A001,A,A001,1,78,107414,109414,200,100.0,various_movements,последовательность разных движений,child_01,1.3894,1.1622,4.711,0.1122,4.5988,6.5,1.3035,-1.0871,0.506,-0.0953,0.3565,0.0887,132.48,79.32,420.51,45.4776,118.175,87.3814
EXP15,m5-01,EXP15_m5-01_A_A001,A,A001,1,79,107914,109914,200,100.0,various_movements,последовательность разных движений,child_01,1.3399,1.1644,4.711,0.1078,4.6032,6.5,1.3413,-0.9796,0.5387,-0.1728,0.2675,0.0256,139.13,78.74,340.33,63.2896,117.4653,86.7365
EXP15,m5-01,EXP15_m5-01_A_A001,A,A001,1,80,108414,110414,200,100.0,various_movements,последовательность разных движений,child_01,1.2821,1.1493,4.711,0.0475,4.6635,6.5,1.3152,-0.9132,0.5414,-0.1695,0.277,0.0504,133.87,81.85,340.33,70.4581,114.4315,80.4665
EXP15,m5-01,EXP15_m5-01_A_A001,A,A001,1,81,108914,110914,200,100.0,various_movements,последовательность разных движений,child_01,1.0601,1.0097,3.8965,0.0475,3.849,4.0,1.0716,-0.835,0.4826,-0.1398,0.211,0.0282,103.45,68.69,311.57,70.4221,83.3477,57.5043
EXP15,m5-01,EXP15_m5-01_A_A001,A,A001,1,82,109414,111414,200,100.0,various_movements,последовательность разных движений,child_01,1.13,0.8847,3.5389,0.0475,3.4914,5.5,0.9424,-0.9392,0.4424,-0.0747,0.2799,0.0979,103.56,62.51,297.0,72.4484,78.3074,55.1146
EXP15,m5-01,EXP15_m5-01_A_A001,A,A001,1,83,109914,111914,200,100.0,various_movements,последовательность разных движений,child_01,1.0846,0.7247,3.1845,0.0475,3.137,7.0,0.7355,-0.9752,0.3298,-0.0836,0.2757,0.1333,95.92,64.13,388.14,54.2679,83.4009,56.811
EXP15,m5-01,EXP15_m5-01_A_A001,A,A001,1,84,110414,112414,200,100.0,various_movements,последовательность разных движений,child_01,0.9612,0.62,2.6427,0.1268,2.5159,6.0,0.6441,-0.8206,0.3064,-0.1962,0.2701,0.1212,98.49,63.31,388.14,46.8218,89.1203,57.8133
EXP15,m5-01,EXP15_m5-01_A_A001,A,A001,1,85,110914,112914,200,100.0,various_movements,последовательность разных движений,child_01,1.2375,0.7238,3.4887,0.1551,3.3336,8.0,0.7239,-1.0498,0.3271,-0.2789,0.485,0.0947,131.53,97.37,674.47,59.0343,134.3465,71.7611
EXP15,m5-01,EXP15_m5-01_A_A001,A,A001,1,86,111414,113414,200,100.0,various_movements,последовательность разных движений,child_01,1.1062,0.795,3.4887,0.1116,3.3771,6.5,0.7803,-0.9453,0.2831,-0.2762,0.4436,-0.0046,137.81,101.37,674.47,62.5525,141.632,71.7355
EXP15,m5-01,EXP15_m5-01_A_A001,A,A001,1,87,111914,113914,200,100.0,various_movements,последовательность разных движений,child_01,1.0094,0.7962,3.4887,0.1116,3.3771,5.5,0.7851,-0.8268,0.3579,-0.1769,0.4398,-0.0081,150.36,106.79,674.47,65.6599,131.1158,106.6912
EXP15,m5-01,EXP15_m5-01_A_A001,A,A001,1,88,112414,114414,200,100.0,various_movements,последовательность разных движений,child_01,1.2758,0.8094,3.4887,0.1116,3.3771,7.5,0.7877,-1.094,0.4873,-0.0923,0.4667,-0.0417,176.68,105.05,674.47,83.0021,139.6045,124.1447
EXP15,m5-01,EXP15_m5-01_A_A001,A,A001,1,89,112914,114914,200,100.0,various_movements,последовательность разных движений,child_01,1.0987,0.7251,3.3504,0.1116,3.2388,7.0,0.7136,-0.9462,0.4844,0.0412,0.2955,0.0694,159.75,87.65,374.3,76.1048,112.1946,121.0591
EXP15,m5-01,EXP15_m5-01_A_A001,A,A001,1,90,113414,115414,200,100.0,various_movements,последовательность разных движений,child_01,1.0105,0.6293,2.7388,0.1985,2.5403,8.5,0.6101,-0.8374,0.4859,0.1096,0.2998,0.0753,157.52,94.07,374.3,71.5119,115.0484,119.1749
EXP15,m5-01,EXP15_m5-01_A_A001,A,A001,1,91,113914,115914,200,100.0,various_movements,последовательность разных движений,child_01,1.2074,0.5948,2.7388,0.205,2.5338,7.0,0.5478,-1.0227,0.5626,0.004,0.3426,0.1776,159.51,79.73,358.13,76.3663,121.0056,102.9507
EXP15,m5-01,EXP15_m5-01_A_A001,A,A001,1,92,114414,116414,200,100.0,various_movements,последовательность разных движений,child_01,1.0496,0.5023,2.7388,0.205,2.5338,7.0,0.4656,-0.8725,0.4773,0.0627,0.3182,0.2069,162.21,83.47,347.43,60.9742,119.5644,119.5381
EXP15,m5-01,EXP15_m5-01_A_A001,A,A001,1,93,114914,116914,200,100.0,various_movements,последовательность разных движений,child_01,1.0111,0.4326,1.9797,0.205,1.7747,7.0,0.3948,-0.8151,0.5007,0.1442,0.3073,0.1523,177.07,79.47,337.42,72.6611,110.6702,138.4027
EXP15,m5-01,EXP15_m5-01_A_A001,A,A001,1,94,115414,117414,200,100.0,various_movements,последовательность разных движений,child_01,1.1873,0.4631,2.564,0.4269,2.1371,5.5,0.4551,-1.0055,0.5465,0.0471,0.2665,0.1847,188.79,68.62,337.42,70.9859,101.8784,154.0396
EXP15,m5-01,EXP15_m5-01_A_A001,A,A001,1,95,115914,117914,200,100.0,various_movements,последовательность разных движений,child_01,1.0712,0.4539,2.564,0.4269,2.1371,7.5,0.4853,-0.8941,0.4576,0.2212,0.2442,0.0259,203.15,68.69,383.21,66.0508,101.0129,163.8207
EXP15,m5-01,EXP15_m5-01_A_A001,A,A001,1,96,116414,118414,200,100.0,various_movements,последовательность разных движений,child_01,1.065,0.4592,2.564,0.4407,2.1233,6.0,0.5288,-0.7936,0.5205,0.3559,0.1933,-0.0252,203.59,60.61,383.21,65.5313,113.4443,165.4896
EXP15,m5-01,EXP15_m5-01_A_A001,A,A001,1,97,116914,118914,200,100.0,various_movements,последовательность разных движений,child_01,1.1797,0.5702,3.8165,0.2233,3.5932,6.5,0.6802,-0.8063,0.5831,0.3814,0.344,0.0163,208.02,73.94,468.04,55.517,141.5361,159.8329
EXP15,m5-01,EXP15_m5-01_A_A001,A,A001,1,98,117414,119414,200,100.0,various_movements,последовательность разных движений,child_01,1.1629,0.5072,3.8165,0.2233,3.5932,8.5,0.5908,-0.6545,0.4959,0.6791,0.3538,0.0028,200.16,77.48,468.04,62.7544,141.6099,139.0279
EXP15,m5-01,EXP15_m5-01_A_A001,A,A001,1,99,117914,119914,200,100.0,various_movements,последовательность разных движений,child_01,1.108,0.5185,3.8165,0.2233,3.5932,8.0,0.566,-0.5727,0.464,0.7178,0.333,0.0816,179.92,78.34,468.04,62.1944,142.6629,118.6911
EXP15,m5-01,EXP15_m5-01_A_A001,A,A001,1,100,118414,120414,200,100.0,various_movements,последовательность разных движений,child_01,1.1123,0.5155,3.8165,0.2233,3.5932,9.5,0.5665,-0.6888,0.5325,0.5347,0.3232,0.1833,172.78,78.93,468.04,63.3012,132.0907,112.1959
EXP15,m5-01,EXP15_m5-01_A_A001,A,A001,1,101,118914,120914,200,100.0,various_movements,последовательность разных движений,child_01,1.1013,0.4702,2.9342,0.4138,2.5204,8.5,0.4557,-0.7706,0.508,0.4084,0.3714,0.264,155.26,67.47,392.65,71.1016,100.0501,114.9481
EXP15,m5-01,EXP15_m5-01_A_A001,A,A001,1,102,119414,121414,200,100.0,various_movements,последовательность разных движений,child_01,1.0071,0.4295,2.9342,0.4138,2.5204,7.5,0.436,-0.7143,0.4125,0.3657,0.3717,0.2372,168.19,77.89,392.65,59.1945,93.9399,141.462
EXP15,m5-01,EXP15_m5-01_A_A001,A,A001,1,103,119914,121914,200,100.0,various_movements,последовательность разных движений,child_01,1.0792,0.3936,2.9342,0.4683,2.4659,10.0,0.5172,-0.6206,0.4925,0.4847,0.3837,0.2053,152.27,87.97,392.65,53.98,83.9998,141.6891
EXP15,m5-01,EXP15_m5-01_A_A001,A,A001,1,104,120414,122414,200,100.0,various_movements,последовательность разных движений,child_01,1.0862,0.3609,2.9342,0.647,2.2872,9.0,0.4977,-0.4574,0.4172,0.7191,0.3808,0.1298,115.22,94.88,392.65,48.1177,73.5345,105.8608
EXP15,m5-01,EXP15_m5-01_A_A001,A,A001,1,105,120914,122914,200,100.0,various_movements,последовательность разных движений,child_01,0.9928,0.1024,1.3777,0.647,0.7307,10.5,0.2193,-0.2357,0.148,0.9303,0.071,-0.0052,91.32,92.9,328.7,16.2316,68.5466,102.7149
EXP15,m5-01,EXP15_m5-01_A_A001,A,A001,1,106,121414,123414,200,100.0,various_movements,последовательность разных движений,child_01,1.0056,0.0716,1.3777,0.8194,0.5583,11.0,0.1526,-0.183,0.0623,0.9755,0.0631,0.0071,39.33,42.91,222.55,9.6403,42.39,36.2628
EXP15,m5-01,EXP15_m5-01_A_A001,A,A001,1,107,121914,123914,200,100.0,various_movements,последовательность разных движений,child_01,0.9897,0.0246,1.0848,0.9314,0.1534,10.0,0.0413,-0.2277,0.0225,0.9621,0.0186,0.0076,20.91,18.93,68.35,5.8268,27.2324,4.3414
EXP15,m5-01,EXP15_m5-01_A_A001,A,A001,1,108,122414,124414,200,100.0,various_movements,последовательность разных движений,child_01,0.9897,0.0187,1.0736,0.9386,0.135,13.5,0.0314,-0.234,0.0152,0.9611,0.0157,0.0069,16.33,16.0,68.16,4.5822,21.9186,2.1223
EXP15,m5-01,EXP15_m5-01_A_A001,A,A001,1,109,122914,124914,200,100.0,various_movements,последовательность разных движений,child_01,0.9888,0.0106,1.0112,0.9652,0.046,13.0,0.0232,-0.2299,0.01,0.9614,0.0126,0.0058,9.36,5.35,26.99,3.3443,9.6691,1.8242
EXP15,m5-01,EXP15_m5-01_A_A001,A,A001,1,110,123414,125414,200,100.0,various_movements,последовательность разных движений,child_01,0.989,0.0107,1.0075,0.9652,0.0423,15.5,0.0246,-0.2235,0.0101,0.9629,0.0126,0.0108,10.07,5.68,26.99,3.4946,10.4358,1.9286
EXP15,m5-01,EXP15_m5-01_A_A001,A,A001,1,111,123914,125914,200,100.0,various_movements,последовательность разных движений,child_01,0.9898,0.0119,1.0244,0.9584,0.066,15.0,0.0246,-0.2215,0.0101,0.9642,0.0143,0.0105,11.15,5.81,26.99,4.367,11.1806,2.2339
EXP15,m5-01,EXP15_m5-01_A_A001,A,A001,1,112,124414,126414,200,100.0,various_movements,последовательность разных движений,child_01,0.9897,0.0114,1.0244,0.9584,0.066,15.0,0.0216,-0.2243,0.01,0.9636,0.0131,0.0118,9.74,4.96,25.75,3.9705,9.7514,1.9997
EXP15,m5-01,EXP15_m5-01_A_A001,A,A001,1,113,124914,126914,200,100.0,various_movements,последовательность разных движений,child_01,0.9893,0.0134,1.0248,0.9567,0.0681,15.5,0.0208,-0.224,0.0116,0.9632,0.0131,0.008,9.66,5.21,25.75,4.0986,9.6653,2.1866
EXP15,m5-01,EXP15_m5-01_A_A001,A,A001,1,114,125414,127414,200,100.0,various_movements,последовательность разных движений,child_01,0.9891,0.0131,1.0248,0.9567,0.0681,11.5,0.0225,-0.2274,0.0114,0.9623,0.0158,-0.0007,10.77,5.82,26.59,4.0467,10.9416,2.5386
EXP15,m5-01,EXP15_m5-01_A_A001,A,A001,1,115,125914,127914,200,100.0,various_movements,последовательность разных движений,child_01,0.9892,0.0133,1.0304,0.9513,0.0791,18.0,0.0205,-0.2243,0.0122,0.963,0.02,-0.0082,9.85,5.61,26.59,2.9618,10.176,2.1296
EXP15,m5-01,EXP15_m5-01_A_A001,A,A001,1,116,126414,128414,200,100.0,various_movements,последовательность разных движений,child_01,0.9891,0.0132,1.0304,0.9513,0.0791,15.5,0.0206,-0.2201,0.0119,0.9638,0.0158,-0.0154,10.06,5.79,26.59,3.0728,10.5803,2.1465
EXP15,m5-01,EXP15_m5-01_A_A001,A,A001,1,117,126914,128914,200,100.0,various_movements,последовательность разных движений,child_01,0.9897,0.0107,1.0304,0.9513,0.0791,14.0,0.0211,-0.2221,0.0102,0.9639,0.0146,-0.0176,11.36,8.47,35.71,3.0293,12.9684,1.8348
EXP15,m5-01,EXP15_m5-01_A_A001,A,A001,1,118,127414,129414,200,100.0,various_movements,последовательность разных движений,child_01,0.9895,0.0106,1.0304,0.9513,0.0791,15.0,0.0166,-0.2189,0.0102,0.9646,0.0148,-0.0181,10.44,7.8,35.71,2.6905,11.3643,1.1465
EXP15,m5-01,EXP15_m5-01_A_A001,A,A001,1,119,127914,129914,200,100.0,various_movements,последовательность разных движений,child_01,0.9891,0.0078,1.0169,0.9699,0.047,11.0,0.0165,-0.2162,0.0076,0.9648,0.0156,-0.0186,9.66,7.92,35.71,2.393,11.2222,1.3413
EXP15,m5-01,EXP15_m5-01_A_A001,A,A001,1,120,128414,130414,200,100.0,various_movements,последовательность разных движений,child_01,0.9891,0.0073,1.0058,0.9703,0.0355,10.0,0.0158,-0.2161,0.0071,0.9647,0.0152,-0.0201,9.05,7.71,35.71,2.5526,9.7909,1.2488
EXP15,m5-01,EXP15_m5-01_A_A001,A,A001,1,121,128914,130914,200,100.0,various_movements,последовательность разных движений,child_01,0.989,0.0098,1.0457,0.9649,0.0808,13.0,0.0123,-0.214,0.0095,0.965,0.0117,-0.0271,7.36,3.44,16.87,2.6623,5.5758,1.1741
EXP15,m5-01,EXP15_m5-01_A_A001,A,A001,1,122,129414,131414,200,100.0,various_movements,последовательность разных движений,child_01,0.9897,0.0147,1.0481,0.9392,0.1089,13.5,0.0249,-0.2177,0.0128,0.9646,0.0119,-0.0311,10.57,10.28,48.07,4.3976,13.1289,2.5529
EXP15,m5-01,EXP15_m5-01_A_A001,A,A001,1,123,129914,131914,200,100.0,various_movements,последовательность разных движений,child_01,0.9965,0.0275,1.1005,0.9276,0.1729,11.5,0.0529,-0.222,0.0296,0.9691,0.0355,-0.0149,20.45,29.47,197.17,6.2292,29.6603,17.5484
EXP15,m5-01,EXP15_m5-01_A_A001,A,A001,1,124,130414,132414,200,100.0,various_movements,последовательность разных движений,child_01,0.9918,0.0583,1.1828,0.8318,0.351,12.5,0.0978,-0.265,0.0765,0.9466,0.072,-0.0114,45.46,52.02,208.35,9.8401,52.7561,41.9014
EXP15,m5-01,EXP15_m5-01_A_A001,A,A001,1,125,130914,132914,200,100.0,various_movements,последовательность разных движений,child_01,1.2257,0.5946,3.796,0.7235,3.0725,8.5,0.7689,-0.3894,0.3466,0.9614,0.2601,-0.0324,161.81,229.83,816.19,47.0901,95.4303,236.4431
EXP15,m5-01,EXP15_m5-01_A_A001,A,A001,1,126,131414,133414,200,100.0,various_movements,последовательность разных движений,child_01,1.2538,0.6054,3.796,0.6308,3.1652,8.5,0.9586,-0.1367,0.6931,0.6192,0.3605,0.0846,178.18,222.2,816.19,49.0081,101.9979,240.3918
EXP15,m5-01,EXP15_m5-01_A_A001,A,A001,1,127,131914,133914,200,100.0,various_movements,последовательность разных движений,child_01,1.2552,0.6508,3.796,0.446,3.35,8.5,1.0346,0.058,0.7682,0.2759,0.4615,0.2148,187.36,217.83,816.19,52.9525,103.6852,241.4935
EXP15,m5-01,EXP15_m5-01_A_A001,A,A001,1,128,132414,134414,200,100.0,various_movements,последовательность разных движений,child_01,1.3017,0.6827,3.796,0.446,3.35,9.0,1.0636,0.3567,0.713,-0.0334,0.4969,0.3813,176.8,221.32,816.19,53.854,94.9697,238.0221
EXP15,m5-01,EXP15_m5-01_A_A001,A,A001,1,129,132914,134914,200,100.0,various_movements,последовательность разных движений,child_01,1.0819,0.4303,2.5105,0.446,2.0645,10.5,0.4861,0.7057,0.1634,-0.3859,0.349,0.5692,72.87,40.68,281.6,32.5043,55.7043,50.9316
EXP15,m5-01,EXP15_m5-01_A_A001,A,A001,1,130,133414,135414,200,100.0,various_movements,последовательность разных движений,child_01,1.0665,0.4393,2.5105,0.446,2.0645,10.0,0.4641,0.6869,0.1322,-0.3776,0.3302,0.6117,67.78,37.53,281.6,34.6355,48.636,49.1981
EXP15,m5-01,EXP15_m5-01_A_A001,A,A001,1,131,133914,135914,200,100.0,various_movements,последовательность разных движений,child_01,1.0714,0.3992,2.4095,0.4504,1.9591,8.0,0.4204,0.7063,0.123,-0.4035,0.2742,0.6154,71.7,33.22,182.24,30.5975,54.8817,47.6128
EXP15,m5-01,EXP15_m5-01_A_A001,A,A001,1,132,134414,136414,200,100.0,various_movements,последовательность разных движений,child_01,1.0326,0.3316,2.0372,0.4744,1.5628,7.5,0.3901,0.6558,0.1181,-0.4347,0.2486,0.5738,75.83,32.08,182.24,32.9887,57.3414,47.2353
EXP15,m5-01,EXP15_m5-01_A_A001,A,A001,1,133,134914,136914,200,100.0,various_movements,последовательность разных движений,child_01,1.0273,0.3064,1.8823,0.4744,1.4079,6.5,0.3779,0.6539,0.1048,-0.4427,0.2326,0.5638,81.37,33.27,182.24,35.3534,62.9161,49.5011
EXP15,m5-01,EXP15_m5-01_A_A001,A,A001,1,134,135414,137414,200,100.0,various_movements,последовательность разных движений,child_01,1.0175,0.2825,1.7273,0.5519,1.1754,7.5,0.3561,0.6269,0.0988,-0.4664,0.2166,0.5667,81.85,34.37,182.24,32.0842,63.7064,51.4325
EXP15,m5-01,EXP15_m5-01_A_A001,A,A001,1,135,135914,137914,200,100.0,various_movements,последовательность разных движений,child_01,1.0363,0.2886,1.6112,0.4774,1.1338,8.5,0.3431,0.6527,0.1271,-0.4283,0.2283,0.6015,80.19,34.74,174.34,32.9461,59.0732,53.9344
EXP15,m5-01,EXP15_m5-01_A_A001,A,A001,1,136,136414,138414,200,100.0,various_movements,последовательность разных движений,child_01,1.044,0.2955,1.6112,0.3923,1.2189,8.5,0.3233,0.6948,0.1361,-0.3706,0.2133,0.6234,80.29,36.94,174.34,33.3515,62.4147,51.7541
EXP15,m5-01,EXP15_m5-01_A_A001,A,A001,1,137,136914,138914,200,100.0,various_movements,последовательность разных движений,child_01,1.0513,0.3054,1.6112,0.3923,1.2189,8.5,0.3324,0.7475,0.1322,-0.3433,0.2254,0.5859,79.9,34.47,174.34,32.4532,61.4247,51.9957
EXP15,m5-01,EXP15_m5-01_A_A001,A,A001,1,138,137414,139414,200,100.0,various_movements,последовательность разных движений,child_01,1.0538,0.3269,1.7986,0.3923,1.4063,6.5,0.338,0.7679,0.1188,-0.3089,0.2764,0.5723,85.55,36.72,240.21,36.2436,68.3211,51.6346
EXP15,m5-01,EXP15_m5-01_A_A001,A,A001,1,139,137914,139914,200,100.0,various_movements,последовательность разных движений,child_01,1.0485,0.3276,2.0781,0.3923,1.6858,7.5,0.357,0.7621,0.1122,-0.3137,0.2835,0.554,82.12,34.48,240.21,36.3232,64.7821,47.3366
EXP15,m5-01,EXP15_m5-01_A_A001,A,A001,1,140,138414,140414,200,100.0,various_movements,последовательность разных движений,child_01,1.0563,0.3183,2.0781,0.4064,1.6717,7.5,0.3923,0.7388,0.1065,-0.3425,0.2891,0.5524,88.92,38.32,240.21,34.874,73.332,50.5264
EXP15,m5-01,EXP15_m5-01_A_A001,A,A001,1,141,138914,140914,200,100.0,various_movements,последовательность разных движений,child_01,1.0755,0.3215,2.0781,0.4957,1.5824,7.5,0.4399,0.7341,0.1104,-0.3484,0.3602,0.5141,102.26,53.72,331.15,39.1634,94.1579,53.5524
EXP15,m5-01,EXP15_m5-01_A_A001,A,A001,1,142,139414,141414,200,100.0,various_movements,последовательность разных движений,child_01,1.036,0.3261,2.0781,0.2548,1.8233,9.0,0.4625,0.7204,0.1164,-0.3397,0.3873,0.4095,139.98,104.39,545.91,65.5384,112.2376,110.3607
EXP15,m5-01,EXP15_m5-01_A_A001,A,A001,1,143,139914,141914,200,100.0,various_movements,последовательность разных движений,child_01,1.1385,0.4617,2.5478,0.2548,2.293,7.5,0.8737,0.3387,0.6373,-0.0327,0.4228,0.2127,241.09,186.36,725.71,78.4787,191.6463,191.4501
EXP15,m5-01,EXP15_m5-01_A_A001,A,A001,1,144,140414,142414,200,100.0,various_movements,последовательность разных движений,child_01,1.2172,0.4798,2.5478,0.2548,2.293,7.0,0.9247,0.0914,0.7629,0.3368,0.3909,0.011,318.43,230.28,1140.37,83.6233,310.0487,198.4597
EXP15,m5-01,EXP15_m5-01_A_A001,A,A001,1,145,140914,142914,200,100.0,various_movements,последовательность разных движений,child_01,1.1938,0.4749,2.5478,0.2548,2.293,5.5,0.7684,-0.175,0.6969,0.6722,0.2988,-0.0541,327.49,222.87,1140.37,89.1264,305.1657,202.1197
EXP15,m5-01,EXP15_m5-01_A_A001,A,A001,1,146,141414,143414,200,100.0,various_movements,последовательность разных движений,child_01,1.2659,0.4254,2.5478,0.344,2.2038,4.5,0.5776,-0.4114,0.4329,1.0156,0.2394,-0.0661,293.22,233.98,1140.37,72.5004,299.0853,196.6462
EXP15,m5-01,EXP15_m5-01_A_A001,A,A001,1,147,141914,143914,200,100.0,various_movements,последовательность разных движений,child_01,1.1561,0.2999,2.1724,0.6987,1.4737,3.5,0.3741,-0.2434,0.2618,1.0576,0.1904,-0.0635,220.09,197.88,1140.37,61.0062,261.0429,123.6601
EXP15,m5-01,EXP15_m5-01_A_A001,A,A001,1,148,142414,144414,200,100.0,various_movements,последовательность разных движений,child_01,1.1017,0.2902,2.3307,0.6987,1.632,3.5,0.2247,-0.2586,0.2725,1.0418,0.1425,-0.0253,151.78,90.93,498.69,55.895,97.185,132.2669
EXP15,m5-01,EXP15_m5-01_A_A001,A,A001,1,149,142914,144914,200,100.0,various_movements,последовательность разных движений,child_01,1.1267,0.28,2.3307,0.7315,1.5992,3.5,0.2397,-0.2589,0.2588,1.0623,0.1492,-0.0751,150.14,90.33,498.69,56.7437,102.0715,127.6528
EXP15,m5-01,EXP15_m5-01_A_A001,A,A001,1,150,143414,145414,200,100.0,various_movements,последовательность разных движений,child_01,1.1062,0.2987,2.3307,0.7315,1.5992,4.0,0.2546,-0.2775,0.2686,1.0366,0.1071,-0.1134,160.68,96.78,498.69,59.2476,97.1632,146.332
EXP15,m5-01,EXP15_m5-01_A_A001,A,A001,1,151,143914,145914,200,100.0,various_movements,последовательность разных движений,child_01,1.1252,0.2968,2.3307,0.7315,1.5992,4.0,0.2463,-0.2947,0.2707,1.0525,0.1086,-0.1177,141.66,88.71,498.69,53.5559,88.1749,130.9613
EXP15,m5-01,EXP15_m5-01_A_A001,A,A001,1,152,144414,146414,200,100.0,various_movements,последовательность разных движений,child_01,1.0776,0.2448,1.7393,0.7373,1.002,4.5,0.1558,-0.2633,0.2374,1.0221,0.1417,-0.0798,121.27,76.25,327.81,42.6806,64.458,117.7889
EXP15,m5-01,EXP15_m5-01_A_A001,A,A001,1,153,144914,146914,200,100.0,various_movements,последовательность разных движений,child_01,1.0671,0.2389,1.7393,0.7373,1.002,5.0,0.1342,-0.3053,0.233,1.0057,0.1326,-0.0363,103.68,70.95,301.15,35.0514,49.4368,107.4269
EXP15,m5-01,EXP15_m5-01_A_A001,A,A001,1,154,145414,147414,200,100.0,various_movements,последовательность разных движений,child_01,1.0447,0.2029,1.7016,0.7373,0.9643,5.5,0.1312,-0.3125,0.204,0.9789,0.1315,-0.0214,88.7,47.22,224.09,21.5108,56.0079,76.3977
EXP15,m5-01,EXP15_m5-01_A_A001,A,A001,1,155,145914,147914,200,100.0,various_movements,последовательность разных движений,child_01,1.0244,0.1815,1.5768,0.7629,0.8139,6.5,0.1111,-0.359,0.1784,0.9484,0.0987,0.0117,81.04,40.64,153.87,20.5471,57.8749,65.2555
EXP15,m5-01,EXP15_m5-01_A_A001,A,A001,1,156,146414,148414,200,100.0,various_movements,последовательность разных движений,child_01,1.0372,0.1737,1.5768,0.7629,0.8139,8.0,0.1212,-0.3564,0.1718,0.9634,0.0804,0.0045,84.65,43.11,172.71,21.7435,67.8013,61.7242
EXP15,m5-01,EXP15_m5-01_A_A001,A,A001,1,157,146914,148914,200,100.0,various_movements,последовательность разных движений,child_01,1.0034,0.1527,1.5768,0.717,0.8598,8.5,0.1313,-0.323,0.1508,0.9381,0.074,0.0163,86.25,37.21,172.71,26.6678,78.769,41.9262
EXP15,m5-01,EXP15_m5-01_A_A001,A,A001,1,158,147414,149414,200,100.0,various_movements,последовательность разных движений,child_01,1.0145,0.1449,1.5768,0.717,0.8598,9.0,0.1086,-0.2788,0.143,0.9651,0.0936,-0.0041,81.35,38.38,172.71,25.6032,78.7813,34.0864
EXP15,m5-01,EXP15_m5-01_A_A001,A,A001,1,159,147914,149914,200,100.0,various_movements,последовательность разных движений,child_01,0.9863,0.1324,1.3005,0.6375,0.663,9.5,0.1606,-0.2776,0.1354,0.9229,0.1249,0.0421,98.33,50.44,247.54,46.3551,91.3031,38.6801
EXP15,m5-01,EXP15_m5-01_A_A001,A,A001,1,160,148414,150414,200,100.0,various_movements,последовательность разных движений,child_01,0.9926,0.1588,1.391,0.6375,0.7535,8.5,0.2326,-0.3853,0.2032,0.8184,0.2618,0.1682,98.96,47.48,247.54,53.8044,84.3335,37.7123
EXP15,m5-01,EXP15_m5-01_A_A001,A,A001,1,161,148914,150914,200,100.0,various_movements,последовательность разных движений,child_01,1.0108,0.1762,1.6817,0.6375,1.0442,11.0,0.2656,-0.5066,0.2877,0.6609,0.3292,0.3126,88.83,50.54,247.54,46.7642,69.8273,36.3616
EXP15,m5-01,EXP15_m5-01_A_A001,A,A001,1,162,149414,151414,200,100.0,various_movements,последовательность разных движений,child_01,1.0048,0.165,1.6817,0.6375,1.0442,10.5,0.2335,-0.6446,0.2321,0.5059,0.2338,0.4498,74.41,57.85,247.54,43.1199,64.7897,31.0354
EXP15,m5-01,EXP15_m5-01_A_A001,A,A001,1,163,149914,151914,200,100.0,various_movements,последовательность разных движений,child_01,1.0172,0.1406,1.6817,0.6609,1.0208,13.0,0.1437,-0.7525,0.1435,0.3895,0.1574,0.5201,38.47,37.64,135.2,33.9097,30.9744,19.8695
EXP15,m5-01,EXP15_m5-01_A_A001,A,A001,1,164,150414,152414,200,100.0,various_movements,последовательность разных движений,child_01,1.0046,0.0995,1.6817,0.6907,0.991,14.0,0.1164,-0.7967,0.0701,0.3329,0.1375,0.486,20.56,25.74,113.22,7.2989,25.7545,12.4932
EXP15,m5-01,EXP15_m5-01_A_A001,A,A001,1,165,150914,152914,200,100.0,various_movements,последовательность разных движений,child_01,0.9939,0.0139,1.0338,0.9515,0.0823,14.0,0.0286,-0.8215,0.0179,0.3475,0.0258,0.4366,9.74,6.67,25.05,3.7623,9.1009,4.8211
EXP15,m5-01,EXP15_m5-01_A_A001,A,A001,1,166,151414,153414,200,100.0,various_movements,последовательность разных движений,child_01,1.0525,0.1715,1.6629,0.7495,0.9134,14.5,0.1626,-0.8223,0.1385,0.3955,0.1527,0.4853,27.4,37.92,168.41,17.6976,29.5718,30.1078
EXP15,m5-01,EXP15_m5-01_A_A001,A,A001,1,167,151914,153914,200,100.0,various_movements,последовательность разных движений,child_01,1.0219,0.1963,1.6629,0.4979,1.165,13.0,0.304,-0.6846,0.1734,0.3586,0.2018,0.5677,48.7,47.58,195.05,20.5627,43.6771,38.7131
